Rúben Fontes;11111111;22222222;m;2001-08-28;Biorrecursos;1A;NORTE;12345
Martim Miranda;11111112;22222223;m;2003-12-30;Biorrecursos;1A;NORTE;12346
Alice Machado;11111113;22222224;f;2004-12-07;Biorrecursos;1A;NORTE;12347
Vicente  Cabral;11111114;22222225;m;2004-09-28;Biorrecursos;1A;NORTE;12348
Elias Menino;11111115;22222226;m;2004-01-28;Biorrecursos;1A;NORTE;12349
Lorena Figueira;11111116;22222227;f;2002-11-02;Biorrecursos;1A;NORTE;12350
William Adorno;11111117;22222228;m;2001-11-11;Biorrecursos;1A;NORTE;12351
Tiago Alencar;11111118;22222229;m;2000-02-09;Biorrecursos;1A;NORTE;12352
Margarida  Maduro;11111119;22222230;f;2002-09-05;Biorrecursos;1A;NORTE;12353
Cristiano Alencar;11111120;22222231;m;2003-10-06;Biorrecursos;1A;NORTE;12354
Áurea Carnaval;11111121;22222232;f;2002-09-13;Biorrecursos;1A;NORTE;12355
Vítor Eça;11111122;22222233;m;2001-12-22;Biorrecursos;1A;NORTE;12356
Alice Assis;11111123;22222234;f;2003-03-12;Biorrecursos;1A;NORTE;12357
Sebastião Bocaiuva;11111124;22222235;m;2004-08-02;Biorrecursos;1A;NORTE;12358
Liam Brasil;11111125;22222236;m;2002-11-16;Biorrecursos;1A;NORTE;12359
Lia Farias;11111126;22222237;f;2002-04-14;Biorrecursos;1A;NORTE;12360
Beatriz Bandeira;11111127;22222238;f;2001-10-06;Biorrecursos;1A;NORTE;12361
Nuno Macedo;11111128;22222239;m;2000-11-18;Biorrecursos;1A;NORTE;12362
Frederico Azevedo;11111129;22222240;m;2003-06-25;Biorrecursos;1A;NORTE;12363
Dinis Meireles;11111130;22222241;m;2001-06-12;Biorrecursos;1A;NORTE;12364
Henrique Brasiliense;11111131;22222242;m;2002-10-28;Biorrecursos;1B;NORTE;12365
Xavier Mairinque;11111132;22222243;m;2003-09-23;Biorrecursos;1B;NORTE;12366
Daniela Coentrão;11111133;22222244;f;2004-05-16;Biorrecursos;1B;NORTE;12367
Valentim Figueiroa;11111134;22222245;m;2003-09-08;Biorrecursos;1B;NORTE;12368
Duarte Gouveia;11111135;22222246;m;2004-06-12;Biorrecursos;1B;NORTE;12369
Marta Coentrão;11111136;22222247;f;2003-01-31;Biorrecursos;1B;NORTE;12370
Vasco Andrada;11111137;22222248;m;2000-06-01;Biorrecursos;1B;NORTE;12371
Leonor  Curado;11111138;22222249;f;2002-10-27;Biorrecursos;1B;NORTE;12372
Edgar Aleluia;11111139;22222250;m;2003-01-26;Biorrecursos;1B;NORTE;12373
Helena  Mesquita;11111140;22222251;f;2004-10-07;Biorrecursos;1B;NORTE;12374
Isaac Almeida;11111141;22222252;m;2000-06-23;Biorrecursos;1B;NORTE;12375
Pedro Eça;11111142;22222253;m;2004-12-27;Biorrecursos;1B;NORTE;12376
Ana  Altamirano;11111143;22222254;f;2002-10-12;Biorrecursos;1B;NORTE;12377
Liam Gonçalves;11111144;22222255;m;2003-03-05;Biorrecursos;1B;NORTE;12378
Carlota Assis;11111145;22222256;f;2004-07-29;Biorrecursos;1B;NORTE;12379
Sofia  Figueiroa;11111146;22222257;f;2000-07-13;Biorrecursos;1B;NORTE;12380
Clara  Anchieta;11111147;22222258;f;2002-03-03;Biorrecursos;1B;NORTE;12381
Carolina Fernandes;11111148;22222259;f;2004-08-18;Biorrecursos;1B;NORTE;12382
Gonçalo Maduro;11111149;22222260;m;2004-12-11;Biorrecursos;1B;NORTE;12383
Rita  Ferrolho;11111150;22222261;f;2000-02-20;Biorrecursos;1B;NORTE;12384
Bruna Dorneles;11111151;22222262;f;2004-11-12;Biorrecursos;1C;NORTE;12385
Afonso Fagundes;11111152;22222263;m;2001-12-09;Biorrecursos;1C;NORTE;12386
Sarah Eça;11111153;22222264;f;2001-12-29;Biorrecursos;1C;NORTE;12387
Erick Anunciação;11111154;22222265;m;2003-11-20;Biorrecursos;1C;NORTE;12388
Dinis Castro;11111155;22222266;m;2000-06-30;Biorrecursos;1C;NORTE;12389
André Adorno;11111156;22222267;m;2002-11-07;Biorrecursos;1C;NORTE;12390
Marta Bernades;11111157;22222268;f;2003-04-02;Biorrecursos;1C;NORTE;12391
José Anjos;11111158;22222269;m;2004-02-10;Biorrecursos;1C;NORTE;12392
Tiago Freire;11111159;22222270;m;2001-06-12;Biorrecursos;1C;NORTE;12393
Sara  Coentrão;11111160;22222271;f;2002-10-19;Biorrecursos;1C;NORTE;12394
Paulo Antunes;11111161;22222272;m;2002-08-19;Biorrecursos;1C;NORTE;12395
Débora Café;11111162;22222273;f;2003-07-18;Biorrecursos;1C;NORTE;12396
Zion Gusmão;11111163;22222274;m;2004-11-02;Biorrecursos;1C;NORTE;12397
Nádia Coutinho;11111164;22222275;f;2000-03-01;Biorrecursos;1C;NORTE;12398
Teresa Faro;11111165;22222276;f;2000-08-04;Biorrecursos;1C;NORTE;12399
Tatiana Almeida;11111166;22222277;f;2004-02-23;Biorrecursos;1C;NORTE;12400
Amélia Altamirano;11111167;22222278;f;2004-02-18;Biorrecursos;1C;NORTE;12401
Liam Anunciação;11111168;22222279;m;2000-05-01;Biorrecursos;1C;NORTE;12402
Leandro  Anchieta;11111169;22222280;m;2003-07-30;Biorrecursos;1C;NORTE;12403
Guilherme Moraes;11111170;22222281;m;2003-08-21;Biorrecursos;1C;NORTE;12404
Amélia Melo;11111171;22222282;f;2001-06-18;Biorrecursos;1D;NORTE;12405
Valentim Macedo;11111172;22222283;m;2004-05-16;Biorrecursos;1D;NORTE;12406
António Anchieta;11111173;22222284;m;2001-08-16;Biorrecursos;1D;NORTE;12407
Sérgio Andrade;11111174;22222285;m;2000-10-25;Biorrecursos;1D;NORTE;12408
Mia Dorneles;11111175;22222286;f;2002-11-23;Biorrecursos;1D;NORTE;12409
Cristiano Café;11111176;22222287;m;2003-07-11;Biorrecursos;1D;NORTE;12410
Fernando Freire;11111177;22222288;m;2001-02-02;Biorrecursos;1D;NORTE;12411
Amélia Mendes;11111178;22222289;f;2002-08-09;Biorrecursos;1D;NORTE;12412
Gil Figueira;11111179;22222290;m;2003-10-12;Biorrecursos;1D;NORTE;12413
Ivan Encarnação;11111180;22222291;m;2000-10-20;Biorrecursos;1D;NORTE;12414
Artur Anunciação;11111181;22222292;m;2000-08-04;Biorrecursos;1D;NORTE;12415
Ângelo Abreu;11111182;22222293;m;2001-10-25;Biorrecursos;1D;NORTE;12416
Benjamim Azevedo;11111183;22222294;m;2001-08-27;Biorrecursos;1D;NORTE;12417
Carlos Faleiros;11111184;22222295;m;2003-01-26;Biorrecursos;1D;NORTE;12418
Tomé Moreira;11111185;22222296;m;2004-08-19;Biorrecursos;1D;NORTE;12419
Rita  Caminha;11111186;22222297;f;2001-12-16;Biorrecursos;1D;NORTE;12420
Tatiana Freire;11111187;22222298;f;2004-06-15;Biorrecursos;1D;NORTE;12421
Rafael Morais;11111188;22222299;m;2000-03-11;Biorrecursos;1D;NORTE;12422
Vasco Araújo;11111189;22222300;m;2004-06-06;Biorrecursos;1D;NORTE;12423
César Morais;11111190;22222301;m;2000-04-22;Biorrecursos;1D;NORTE;12424
Rita  Alvim;11111191;22222302;f;2004-04-27;Biorrecursos;1E;NORTE;12425
Zion Amor;11111192;22222303;m;2003-08-31;Biorrecursos;1E;NORTE;12426
Fernando Carmo;11111193;22222304;m;2001-08-13;Biorrecursos;1E;NORTE;12427
Paulo Camões;11111194;22222305;m;2001-10-12;Biorrecursos;1E;NORTE;12428
Lucas Aguiar;11111195;22222306;m;2001-02-22;Biorrecursos;1E;NORTE;12429
Gaspar Albuquerque;11111196;22222307;m;2003-01-21;Biorrecursos;1E;NORTE;12430
Eduardo Amor;11111197;22222308;m;2004-12-12;Biorrecursos;1E;NORTE;12431
Amélia Duarte;11111198;22222309;f;2000-01-26;Biorrecursos;1E;NORTE;12432
Teresa Cruz;11111199;22222310;f;2004-01-23;Biorrecursos;1E;NORTE;12433
Henrique Galvão;11111200;22222311;m;2002-11-04;Biorrecursos;1E;NORTE;12434
Francisca Albuquerque;11111201;22222312;f;2003-04-04;Biorrecursos;1E;NORTE;12435
Elias Bueno;11111202;22222313;m;2004-10-09;Biorrecursos;1E;NORTE;12436
António Cotrim;11111203;22222314;m;2000-05-18;Biorrecursos;1E;NORTE;12437
Santiago Gusmão;11111204;22222315;m;2003-05-03;Biorrecursos;1E;NORTE;12438
Dinis Meireles;11111205;22222316;m;2000-04-23;Biorrecursos;1E;NORTE;12439
Madalena Anchieta;11111206;22222317;f;2001-08-14;Biorrecursos;1E;NORTE;12440
Caio Caminha;11111207;22222318;m;2003-02-19;Biorrecursos;1E;NORTE;12441
Salomé Figueira;11111208;22222319;m;2000-10-21;Biorrecursos;1E;NORTE;12442
Leonor  Borsoi;11111209;22222320;f;2004-01-06;Biorrecursos;1E;NORTE;12443
Francisco Abreu;11111210;22222321;m;2004-03-29;Biorrecursos;1E;NORTE;12444
Sarah Alvim;11111211;22222322;f;2004-02-04;Biorrecursos;2A;NORTE;12445
Zion Coimbra;11111212;22222323;m;2000-09-25;Biorrecursos;2A;NORTE;12446
Rita  Cardoso;11111213;22222324;f;2004-04-30;Biorrecursos;2A;NORTE;12447
Afonso Brandão;11111214;22222325;m;2002-02-27;Biorrecursos;2A;NORTE;12448
Rita  Fonseca;11111215;22222326;f;2000-09-22;Biorrecursos;2A;NORTE;12449
Rui Carnaval;11111216;22222327;m;2004-07-12;Biorrecursos;2A;NORTE;12450
Luísa Bispo;11111217;22222328;f;2001-05-09;Biorrecursos;2A;NORTE;12451
Isaac Alcântara;11111218;22222329;m;2004-06-18;Biorrecursos;2A;NORTE;12452
Lucas Marques;11111219;22222330;m;2000-06-04;Biorrecursos;2A;NORTE;12453
Rodrigo Carvalhal;11111220;22222331;m;2001-08-15;Biorrecursos;2A;NORTE;12454
Simão Aleluia;11111221;22222332;m;2003-09-17;Biorrecursos;2A;NORTE;12455
Gabriel Furquim;11111222;22222333;m;2003-10-16;Biorrecursos;2A;NORTE;12456
Emília Araújo;11111223;22222334;f;2000-06-26;Biorrecursos;2A;NORTE;12457
Isabel Barroso;11111224;22222335;f;2001-11-07;Biorrecursos;2A;NORTE;12458
Mafalda Fagundes;11111225;22222336;f;2003-08-02;Biorrecursos;2A;NORTE;12459
Samuel Bocaiuva;11111226;22222337;m;2001-08-19;Biorrecursos;2A;NORTE;12460
Anita Maduro;11111227;22222338;f;2001-05-03;Biorrecursos;2A;NORTE;12461
Filipe Amor;11111228;22222339;m;2000-09-01;Biorrecursos;2A;NORTE;12462
Luísa Ferraz;11111229;22222340;f;2002-06-07;Biorrecursos;2A;NORTE;12463
Teresa Amaral;11111230;22222341;f;2001-10-24;Biorrecursos;2A;NORTE;12464
Santiago Mendes;11111231;22222342;m;2002-08-13;Biorrecursos;2B;NORTE;12465
Lucas Castilho;11111232;22222343;m;2001-09-12;Biorrecursos;2B;NORTE;12466
Gustavo Cordeiro;11111233;22222344;m;2002-04-23;Biorrecursos;2B;NORTE;12467
Elias Evangelista;11111234;22222345;m;2002-11-27;Biorrecursos;2B;NORTE;12468
Caio Moraes;11111235;22222346;m;2004-11-02;Biorrecursos;2B;NORTE;12469
Isaac Falópio;11111236;22222347;m;2003-07-09;Biorrecursos;2B;NORTE;12470
Catarina Falqueto;11111237;22222348;f;2001-10-15;Biorrecursos;2B;NORTE;12471
Carlos Cerejeira;11111238;22222349;m;2004-08-10;Biorrecursos;2B;NORTE;12472
Alexandre Figueiroa;11111239;22222350;m;2004-12-05;Biorrecursos;2B;NORTE;12473
Ariana Eça;11111240;22222351;f;2000-08-11;Biorrecursos;2B;NORTE;12474
William Marques;11111241;22222352;m;2003-10-10;Biorrecursos;2B;NORTE;12475
Marcelo Borsoi;11111242;22222353;m;2004-05-25;Biorrecursos;2B;NORTE;12476
Ismael Figueira;11111243;22222354;m;2004-08-26;Biorrecursos;2B;NORTE;12477
Sebastião Mendes;11111244;22222355;m;2002-08-25;Biorrecursos;2B;NORTE;12478
José Camacho;11111245;22222356;m;2001-04-26;Biorrecursos;2B;NORTE;12479
Samuel Mesquita;11111246;22222357;m;2002-09-12;Biorrecursos;2B;NORTE;12480
Rayan Menino;11111247;22222358;m;2004-03-08;Biorrecursos;2B;NORTE;12481
Constança  Faro;11111248;22222359;f;2002-09-06;Biorrecursos;2B;NORTE;12482
Sérgio Fagundes;11111249;22222360;m;2000-12-08;Biorrecursos;2B;NORTE;12483
Leandro  Bermudes;11111250;22222361;m;2004-08-19;Biorrecursos;2B;NORTE;12484
Xavier Aragão;11111251;22222362;m;2004-12-09;Biorrecursos;2C;NORTE;12485
Helena  Bocaiuva;11111252;22222363;f;2002-10-09;Biorrecursos;2C;NORTE;12486
Matilde  Madureira;11111253;22222364;f;2001-11-17;Biorrecursos;2C;NORTE;12487
Laura  Amigo;11111254;22222365;f;2000-11-02;Biorrecursos;2C;NORTE;12488
Sofia  Brasil;11111255;22222366;f;2004-10-18;Biorrecursos;2C;NORTE;12489
Edgar Bicalho;11111256;22222367;m;2003-12-09;Biorrecursos;2C;NORTE;12490
Matilde  Café;11111257;22222368;f;2001-01-03;Biorrecursos;2C;NORTE;12491
Marco Amaral;11111258;22222369;m;2003-10-08;Biorrecursos;2C;NORTE;12492
Rafael Carneiro;11111259;22222370;m;2004-07-29;Biorrecursos;2C;NORTE;12493
Gustavo Gomes;11111260;22222371;m;2002-01-14;Biorrecursos;2C;NORTE;12494
Mariana  Álvares;11111261;22222372;f;2001-04-16;Biorrecursos;2C;NORTE;12495
Rodrigo Faleiros;11111262;22222373;m;2001-04-22;Biorrecursos;2C;NORTE;12496
Benjamim Abreu;11111263;22222374;m;2002-04-30;Biorrecursos;2C;NORTE;12497
Rayan Adorno;11111264;22222375;m;2002-12-11;Biorrecursos;2C;NORTE;12498
Caio Café;11111265;22222376;m;2002-02-06;Biorrecursos;2C;NORTE;12499
Diego Bragança;11111266;22222377;m;2000-04-26;Biorrecursos;2C;NORTE;12500
Henrique Barroso;11111267;22222378;m;2003-01-19;Biorrecursos;2C;NORTE;12501
Mafalda Fontes;11111268;22222379;f;2004-04-01;Biorrecursos;2C;NORTE;12502
César Ferraz;11111269;22222380;m;2004-02-20;Biorrecursos;2C;NORTE;12503
Constança  Altamirano;11111270;22222381;f;2004-01-18;Biorrecursos;2C;NORTE;12504
Gustavo Cruz;11111271;22222382;m;2000-04-03;Biorrecursos;2D;NORTE;12505
Beatriz Coutinho;11111272;22222383;f;2000-05-18;Biorrecursos;2D;NORTE;12506
Francisco Falqueto;11111273;22222384;m;2000-10-06;Biorrecursos;2D;NORTE;12507
Salomé Freire;11111274;22222385;m;2000-06-25;Biorrecursos;2D;NORTE;12508
Duarte Brasil;11111275;22222386;m;2002-03-10;Biorrecursos;2D;NORTE;12509
Aurora Dorneles;11111276;22222387;f;2004-06-26;Biorrecursos;2D;NORTE;12510
Pedro Moraes;11111277;22222388;m;2001-12-18;Biorrecursos;2D;NORTE;12511
Beatriz Cardoso;11111278;22222389;f;2003-07-03;Biorrecursos;2D;NORTE;12512
Juliana Evangelista;11111279;22222390;f;2002-09-25;Biorrecursos;2D;NORTE;12513
Inês Meireles;11111280;22222391;f;2003-07-29;Biorrecursos;2D;NORTE;12514
Lourenço  Bernades;11111281;22222392;m;2000-10-05;Biorrecursos;2D;NORTE;12515
Gustavo Falópio;11111282;22222393;m;2004-01-25;Biorrecursos;2D;NORTE;12516
Juliana Borsoi;11111283;22222394;f;2001-04-05;Biorrecursos;2D;NORTE;12517
Dinis Freire;11111284;22222395;m;2002-05-15;Biorrecursos;2D;NORTE;12518
João Moro;11111285;22222396;m;2000-12-31;Biorrecursos;2D;NORTE;12519
Matilde  Carvalhosa;11111286;22222397;f;2000-04-06;Biorrecursos;2D;NORTE;12520
Sérgio Malafaia;11111287;22222398;m;2004-08-25;Biorrecursos;2D;NORTE;12521
Francisca Faria;11111288;22222399;f;2000-06-16;Biorrecursos;2D;NORTE;12522
Emanuel Camões;11111289;22222400;m;2001-09-18;Biorrecursos;2D;NORTE;12523
Mafalda Freitas;11111290;22222401;f;2004-05-12;Biorrecursos;2D;NORTE;12524
Júlia Anes;11111291;22222402;f;2004-05-12;Biorrecursos;2E;NORTE;12525
Tatiana Café;11111292;22222403;f;2001-06-03;Biorrecursos;2E;NORTE;12526
Leonardo Azevedo;11111293;22222404;m;2001-04-30;Biorrecursos;2E;NORTE;12527
Isaac Médici;11111294;22222405;m;2003-06-03;Biorrecursos;2E;NORTE;12528
José Cordeiro;11111295;22222406;m;2004-02-24;Biorrecursos;2E;NORTE;12529
Constança  Garrastazu;11111296;22222407;f;2002-11-11;Biorrecursos;2E;NORTE;12530
Xavier Borsoi;11111297;22222408;m;2000-11-19;Biorrecursos;2E;NORTE;12531
Vera Meireles;11111298;22222409;f;2000-09-14;Biorrecursos;2E;CENTRO;12532
Margarida  Bernades;11111299;22222410;f;2001-03-26;Biorrecursos;2E;CENTRO;12533
Zion Ferrão;11111300;22222411;m;2004-06-01;Biorrecursos;2E;CENTRO;12534
Elias Assis;11111301;22222412;m;2004-05-18;Biorrecursos;2E;CENTRO;12535
Gil Alvarenga;11111302;22222413;m;2001-03-07;Biorrecursos;2E;CENTRO;12536
Ângelo Café;11111303;22222414;m;2000-06-29;Biorrecursos;2E;CENTRO;12537
Sofia  Café;11111304;22222415;f;2004-08-26;Biorrecursos;2E;CENTRO;12538
Amélia Amigo;11111305;22222416;f;2001-02-24;Biorrecursos;2E;CENTRO;12539
Lourenço  Braga;11111306;22222417;m;2004-10-16;Biorrecursos;2E;CENTRO;12540
Miguel Almeida;11111307;22222418;m;2004-02-20;Biorrecursos;2E;CENTRO;12541
Liam Brasil;11111308;22222419;m;2000-09-07;Biorrecursos;2E;CENTRO;12542
Francisco Alcântara;11111309;22222420;m;2001-01-04;Biorrecursos;2E;CENTRO;12543
Constança  Cotrim;11111310;22222421;f;2002-04-08;Biorrecursos;2E;CENTRO;12544
Gustavo Coimbra;11111311;22222422;m;2003-12-28;Biorrecursos;3A;CENTRO;12545
Matias Mairinque;11111312;22222423;m;2002-07-10;Biorrecursos;3A;CENTRO;12546
Diego Bragança;11111313;22222424;m;2003-02-01;Biorrecursos;3A;CENTRO;12547
Caio Marques;11111314;22222425;m;2002-04-29;Biorrecursos;3A;CENTRO;12548
Inês Cabral;11111315;22222426;f;2003-07-19;Biorrecursos;3A;CENTRO;12549
Maria  Fagundes;11111316;22222427;f;2002-09-06;Biorrecursos;3A;CENTRO;12550
William Mesquita;11111317;22222428;m;2003-01-31;Biorrecursos;3A;CENTRO;12551
Rita  Alvim;11111318;22222429;f;2003-12-20;Biorrecursos;3A;CENTRO;12552
Martim Morais;11111319;22222430;m;2002-12-23;Biorrecursos;3A;CENTRO;12553
Tatiana Figo;11111320;22222431;f;2001-09-09;Biorrecursos;3A;CENTRO;12554
Miguel Martins;11111321;22222432;m;2001-08-01;Biorrecursos;3A;CENTRO;12555
Cassandra Bispo;11111322;22222433;f;2002-02-08;Biorrecursos;3A;CENTRO;12556
Marta Guimarães;11111323;22222434;f;2001-12-07;Biorrecursos;3A;CENTRO;12557
Vera Ferrão;11111324;22222435;f;2002-05-12;Biorrecursos;3A;CENTRO;12558
Nuno Borba;11111325;22222436;m;2000-12-18;Biorrecursos;3A;CENTRO;12559
Lorena Constante;11111326;22222437;f;2003-03-24;Biorrecursos;3A;CENTRO;12560
Leonor  Fagundes;11111327;22222438;f;2003-12-30;Biorrecursos;3A;CENTRO;12561
Diogo Araújo;11111328;22222439;m;2004-09-14;Biorrecursos;3A;CENTRO;12562
Fernando Curado;11111329;22222440;m;2000-12-16;Biorrecursos;3A;CENTRO;12563
Duarte Faro;11111330;22222441;m;2000-02-28;Biorrecursos;3A;CENTRO;12564
Ismael Coelho;11111331;22222442;m;2004-03-13;Biorrecursos;3B;CENTRO;12565
Emanuel Barros;11111332;22222443;m;2003-01-19;Biorrecursos;3B;CENTRO;12566
Laura  Carvalhal;11111333;22222444;f;2001-06-05;Biorrecursos;3B;CENTRO;12567
Manel Médici;11111334;22222445;m;2001-12-18;Biorrecursos;3B;CENTRO;12568
David Amigo;11111335;22222446;m;2004-09-27;Biorrecursos;3B;CENTRO;12569
Lucas Coutinho;11111336;22222447;m;2003-05-02;Biorrecursos;3B;CENTRO;12570
Filipa Alcântara;11111337;22222448;f;2003-06-18;Biorrecursos;3B;CENTRO;12571
Aurora Maduro;11111338;22222449;f;2004-12-14;Biorrecursos;3B;CENTRO;12572
Miguel Mendonça;11111339;22222450;m;2002-11-11;Biorrecursos;3B;CENTRO;12573
Simão Figueiroa;11111340;22222451;m;2002-01-21;Biorrecursos;3B;CENTRO;12574
Beatriz Chaves;11111341;22222452;f;2003-07-18;Biorrecursos;3B;CENTRO;12575
Sebastião Alencar;11111342;22222453;m;2000-04-14;Biorrecursos;3B;CENTRO;12576
Diego Azeredo;11111343;22222454;m;2002-06-08;Biorrecursos;3B;CENTRO;12577
Lucas Alvarenga;11111344;22222455;m;2003-09-09;Biorrecursos;3B;CENTRO;12578
Diogo Dambros;11111345;22222456;m;2004-09-24;Biorrecursos;3B;CENTRO;12579
César Araújo;11111346;22222457;m;2003-10-19;Biorrecursos;3B;CENTRO;12580
Edgar Fonseca;11111347;22222458;m;2003-08-25;Biorrecursos;3B;CENTRO;12581
Áurea Azevedo;11111348;22222459;f;2003-02-06;Biorrecursos;3B;CENTRO;12582
Caio Magalhães;11111349;22222460;m;2000-02-12;Biorrecursos;3B;CENTRO;12583
William Bernardes;11111350;22222461;m;2000-01-02;Biorrecursos;3B;CENTRO;12584
Madalena Fernandes;11111351;22222462;f;2000-10-05;Biorrecursos;3C;CENTRO;12585
Cristiano Moro;11111352;22222463;m;2004-02-02;Biorrecursos;3C;CENTRO;12586
Frederico Curado;11111353;22222464;m;2004-09-11;Biorrecursos;3C;CENTRO;12587
Inês Constante;11111354;22222465;f;2000-07-19;Biorrecursos;3C;CENTRO;12588
Júlia Ferraz;11111355;22222466;f;2001-08-22;Biorrecursos;3C;CENTRO;12589
Laura  Melo;11111356;22222467;f;2002-07-31;Biorrecursos;3C;CENTRO;12590
Mário Bocaiuva;11111357;22222468;m;2004-04-13;Biorrecursos;3C;CENTRO;12591
Salomé Borges;11111358;22222469;m;2004-05-10;Biorrecursos;3C;CENTRO;12592
Ivo Couto;11111359;22222470;m;2001-07-21;Biorrecursos;3C;CENTRO;12593
Ângelo Álvares;11111360;22222471;m;2004-06-13;Biorrecursos;3C;CENTRO;12594
Nádia Barros;11111361;22222472;f;2003-03-19;Biorrecursos;3C;CENTRO;12595
Eduardo Altamirano;11111362;22222473;m;2003-06-16;Biorrecursos;3C;CENTRO;12596
Simão Bueno;11111363;22222474;m;2000-05-12;Biorrecursos;3C;CENTRO;12597
Fernando Anes;11111364;22222475;m;2000-05-26;Biorrecursos;3C;CENTRO;12598
Tomás Botelho;11111365;22222476;m;2001-04-25;Biorrecursos;3C;CENTRO;12599
Elias Borsoi;11111366;22222477;m;2004-11-05;Biorrecursos;3C;CENTRO;12600
Erick Miranda;11111367;22222478;m;2000-10-23;Biorrecursos;3C;CENTRO;12601
Sarah Bragança;11111368;22222479;f;2002-11-07;Biorrecursos;3C;CENTRO;12602
César Miranda;11111369;22222480;m;2001-10-18;Biorrecursos;3C;CENTRO;12603
Tomé Barbosa;11111370;22222481;m;2003-01-31;Biorrecursos;3C;CENTRO;12604
Duarte Abreu;11111371;22222482;m;2004-12-06;Biorrecursos;3D;CENTRO;12605
Pilar Carmo;11111372;22222483;m;2001-07-01;Biorrecursos;3D;CENTRO;12606
André Camacho;11111373;22222484;m;2000-09-10;Biorrecursos;3D;CENTRO;12607
Erick Moro;11111374;22222485;m;2004-12-22;Biorrecursos;3D;CENTRO;12608
Áurea Alvarenga;11111375;22222486;f;2002-07-26;Biorrecursos;3D;CENTRO;12609
Margarida  Aleluia;11111376;22222487;f;2002-04-15;Biorrecursos;3D;CENTRO;12610
Frederico Arruda;11111377;22222488;m;2003-07-17;Biorrecursos;3D;CENTRO;12611
Hugo Bernardes;11111378;22222489;m;2002-09-06;Biorrecursos;3D;CENTRO;12612
Marta Abreu;11111379;22222490;f;2000-09-04;Biorrecursos;3D;CENTRO;12613
Mariana  Brasiliense;11111380;22222491;f;2003-05-08;Biorrecursos;3D;CENTRO;12614
Mário Barbosa;11111381;22222492;m;2004-06-15;Biorrecursos;3D;CENTRO;12615
Daniel Moro;11111382;22222493;m;2004-12-26;Biorrecursos;3D;CENTRO;12616
Madalena Couto;11111383;22222494;f;2000-10-17;Biorrecursos;3D;CENTRO;12617
Fernando Meireles;11111384;22222495;m;2002-11-15;Biorrecursos;3D;CENTRO;12618
Pilar Cabral;11111385;22222496;m;2004-08-02;Biorrecursos;3D;CENTRO;12619
Áurea Barbosa;11111386;22222497;f;2002-11-21;Biorrecursos;3D;CENTRO;12620
Bruno Garrastazu;11111387;22222498;m;2003-06-03;Biorrecursos;3D;CENTRO;12621
Samuel Monteiro;11111388;22222499;m;2002-06-16;Biorrecursos;3D;CENTRO;12622
Pilar Falópio;11111389;22222500;m;2002-11-17;Biorrecursos;3D;CENTRO;12623
Liam Madureira;11111390;22222501;m;2001-12-12;Biorrecursos;3D;CENTRO;12624
Daniel Bernardes;11111391;22222502;m;2002-02-06;Biorrecursos;3E;CENTRO;12625
Matias Maduro;11111392;22222503;m;2002-01-11;Biorrecursos;3E;CENTRO;12626
Vítor Mesquita;11111393;22222504;m;2000-03-27;Biorrecursos;3E;CENTRO;12627
Manuel Anjos;11111394;22222505;m;2003-03-14;Biorrecursos;3E;CENTRO;12628
Vicente  Ferrão;11111395;22222506;m;2000-05-28;Biorrecursos;3E;CENTRO;12629
Pedro Fontes;11111396;22222507;m;2002-01-11;Biorrecursos;3E;CENTRO;12630
Vicente  Figueiroa;11111397;22222508;m;2004-12-14;Biorrecursos;3E;CENTRO;12631
Ângelo Fortaleza;11111398;22222509;m;2000-04-26;Biorrecursos;3E;CENTRO;12632
Gil Botelho;11111399;22222510;m;2000-06-29;Biorrecursos;3E;CENTRO;12633
Francisco Carvalho;11111400;22222511;m;2004-06-28;Biorrecursos;3E;CENTRO;12634
Júlia Mendonça;11111401;22222512;f;2002-12-04;Biorrecursos;3E;CENTRO;12635
Salomé Coelho;11111402;22222513;m;2003-06-29;Biorrecursos;3E;CENTRO;12636
Bernardo Guimarães;11111403;22222514;m;2002-07-22;Biorrecursos;3E;CENTRO;12637
Alexandre Alencar;11111404;22222515;m;2004-10-13;Biorrecursos;3E;CENTRO;12638
Bernardo Machado;11111405;22222516;m;2000-07-24;Biorrecursos;3E;CENTRO;12639
Afonso Alvarenga;11111406;22222517;m;2002-06-22;Biorrecursos;3E;CENTRO;12640
Rafael Cordeiro;11111407;22222518;m;2000-11-25;Biorrecursos;3E;CENTRO;12641
André Mendonça;11111408;22222519;m;2000-02-27;Biorrecursos;3E;CENTRO;12642
Santiago Alves;11111409;22222520;m;2002-09-18;Biorrecursos;3E;CENTRO;12643
Fábio Cruz;11111410;22222521;m;2000-05-19;Engenharia Biomédica;1A;CENTRO;12644
Constança  Alves;11111411;22222522;f;2003-04-21;Engenharia Biomédica;1A;CENTRO;12645
André França;11111412;22222523;m;2003-12-19;Engenharia Biomédica;1A;CENTRO;12646
Tobias Costa;11111413;22222524;m;2004-07-17;Engenharia Biomédica;1A;CENTRO;12647
Pilar Freire;11111414;22222525;m;2004-05-12;Engenharia Biomédica;1A;CENTRO;12648
Marta Coentrão;11111415;22222526;f;2003-12-05;Engenharia Biomédica;1A;CENTRO;12649
Benjamim Adães;11111416;22222527;m;2004-04-19;Engenharia Biomédica;1A;CENTRO;12650
Mariana  Ferrolho;11111417;22222528;f;2003-04-26;Engenharia Biomédica;1A;CENTRO;12651
Pilar Coutinho;11111418;22222529;m;2000-10-19;Engenharia Biomédica;1A;CENTRO;12652
Sara  Fortaleza;11111419;22222530;f;2002-11-11;Engenharia Biomédica;1A;CENTRO;12653
Nádia Maduro;11111420;22222531;f;2002-05-23;Engenharia Biomédica;1A;CENTRO;12654
Amélia Adães;11111421;22222532;f;2004-10-29;Engenharia Biomédica;1A;CENTRO;12655
Caio Couto;11111422;22222533;m;2004-05-04;Engenharia Biomédica;1A;CENTRO;12656
Santiago Amor;11111423;22222534;m;2003-11-22;Engenharia Biomédica;1A;CENTRO;12657
Ana  Cabral;11111424;22222535;f;2002-10-28;Engenharia Biomédica;1A;CENTRO;12658
Rayan Faleiros;11111425;22222536;m;2001-12-14;Engenharia Biomédica;1A;CENTRO;12659
Daniela Andrada;11111426;22222537;f;2002-01-21;Engenharia Biomédica;1A;CENTRO;12660
António Arruda;11111427;22222538;m;2004-11-18;Engenharia Biomédica;1A;CENTRO;12661
Vera Antunes;11111428;22222539;f;2001-11-18;Engenharia Biomédica;1A;CENTRO;12662
Joana Antunes;11111429;22222540;f;2000-01-14;Engenharia Biomédica;1A;SUL;12663
Gonçalo Cardoso;11111430;22222541;m;2001-12-22;Engenharia Biomédica;1B;SUL;12664
Sérgio Ferreira;11111431;22222542;m;2004-05-07;Engenharia Biomédica;1B;SUL;12665
António Encarnação;11111432;22222543;m;2000-04-12;Engenharia Biomédica;1B;SUL;12666
Juliana Frota;11111433;22222544;f;2001-09-15;Engenharia Biomédica;1B;SUL;12667
António Amaral;11111434;22222545;m;2000-08-29;Engenharia Biomédica;1B;SUL;12668
José Monteiro;11111435;22222546;m;2000-04-16;Engenharia Biomédica;1B;SUL;12669
Lucas Batista;11111436;22222547;m;2002-10-28;Engenharia Biomédica;1B;SUL;12670
Samuel Matos;11111437;22222548;m;2004-01-22;Engenharia Biomédica;1B;SUL;12671
Madalena Magalhães;11111438;22222549;f;2004-12-03;Engenharia Biomédica;1B;SUL;12672
Sebastião Barros;11111439;22222550;m;2000-06-12;Engenharia Biomédica;1B;SUL;12673
Diana Figueira;11111440;22222551;f;2000-01-11;Engenharia Biomédica;1B;SUL;12674
Henrique Guimarães;11111441;22222552;m;2003-10-09;Engenharia Biomédica;1B;SUL;12675
Isaac Machado;11111442;22222553;m;2004-09-23;Engenharia Biomédica;1B;SUL;12676
Carlota Faria;11111443;22222554;f;2003-01-08;Engenharia Biomédica;1B;SUL;12677
Constança  Bueno;11111444;22222555;f;2001-04-15;Engenharia Biomédica;1B;SUL;12678
Francisca Brandão;11111445;22222556;f;2004-11-18;Engenharia Biomédica;1B;SUL;12679
Marco Menino;11111446;22222557;m;2001-02-18;Engenharia Biomédica;1B;SUL;12680
Débora Castro;11111447;22222558;f;2003-11-08;Engenharia Biomédica;1B;SUL;12681
Mafalda Anjos;11111448;22222559;f;2004-03-02;Engenharia Biomédica;1B;SUL;12682
Fernando Falópio;11111449;22222560;m;2000-03-15;Engenharia Biomédica;1B;SUL;12683
Margarida  Falópio;11111450;22222561;f;2001-12-11;Engenharia Biomédica;1C;SUL;12684
Sebastião Carneiro;11111451;22222562;m;2002-11-06;Engenharia Biomédica;1C;SUL;12685
Eduarda Freire;11111452;22222563;m;2001-03-28;Engenharia Biomédica;1C;SUL;12686
Eva  Duarte;11111453;22222564;f;2003-10-22;Engenharia Biomédica;1C;SUL;12687
Sofia  Assis;11111454;22222565;f;2000-10-10;Engenharia Biomédica;1C;SUL;12688
Rayan Gonçalves;11111455;22222566;m;2001-05-23;Engenharia Biomédica;1C;SUL;12689
Luís Faleiros;11111456;22222567;m;2001-06-30;Engenharia Biomédica;1C;SUL;12690
Adriana Bolsonaro;11111457;22222568;f;2000-06-10;Engenharia Biomédica;1C;SUL;12691
Francisca Malafaia;11111458;22222569;f;2003-11-27;Engenharia Biomédica;1C;SUL;12692
Ariana Moraes;11111459;22222570;f;2000-02-18;Engenharia Biomédica;1C;SUL;12693
Diego Faria;11111460;22222571;m;2004-12-03;Engenharia Biomédica;1C;SUL;12694
Valentim Malta;11111461;22222572;m;2002-08-17;Engenharia Biomédica;1C;SUL;12695
Frederico Barros;11111462;22222573;m;2001-10-31;Engenharia Biomédica;1C;SUL;12696
Raquel Araújo;11111463;22222574;f;2002-05-16;Engenharia Biomédica;1C;SUL;12697
Madalena Fagundes;11111464;22222575;f;2003-06-19;Engenharia Biomédica;1C;SUL;12698
Vítor Frota;11111465;22222576;m;2001-11-03;Engenharia Biomédica;1C;SUL;12699
Sara  Figueira;11111466;22222577;f;2004-01-01;Engenharia Biomédica;1C;SUL;12700
Mateus Castro;11111467;22222578;m;2001-06-20;Engenharia Biomédica;1C;SUL;12701
Aurora Carvalhosa;11111468;22222579;f;2003-10-14;Engenharia Biomédica;1C;SUL;12702
Margarida  Malta;11111469;22222580;f;2002-03-30;Engenharia Biomédica;1C;SUL;12703
Tomé Gonçales;11111470;22222581;m;2002-05-27;Engenharia Biomédica;1D;SUL;12704
Marta Marques;11111471;22222582;f;2004-07-28;Engenharia Biomédica;1D;SUL;12705
Jorge Gonçalves;11111472;22222583;m;2000-04-02;Engenharia Biomédica;1D;SUL;12706
Bárbara Ferreira;11111473;22222584;f;2001-08-21;Engenharia Biomédica;1D;SUL;12707
Marcelo Braga;11111474;22222585;m;2002-06-11;Engenharia Biomédica;1D;SUL;12708
Ângelo Cabral;11111475;22222586;f;2002-05-20;Engenharia Biomédica;1D;SUL;12709
Diogo Gonçalves;11111476;22222587;m;2000-04-20;Engenharia Biomédica;1D;SUL;12710
Rui Mendonça;11111477;22222588;m;2004-07-31;Engenharia Biomédica;1D;SUL;12711
Manuel Brasil;11111478;22222589;m;2002-03-01;Engenharia Biomédica;1D;SUL;12712
Gabriel Cabral;11111479;22222590;m;2002-07-17;Engenharia Biomédica;1D;SUL;12713
Pilar Cardoso;11111480;22222591;m;2003-07-27;Engenharia Biomédica;1D;SUL;12714
Alice Coimbra;11111481;22222592;f;2003-06-21;Engenharia Biomédica;1D;SUL;12715
Ricardo Menino;11111482;22222593;m;2002-06-30;Engenharia Biomédica;1D;SUL;12716
Edgar Maduro;11111483;22222594;m;2002-09-16;Engenharia Biomédica;1D;SUL;12717
Eduarda Matos;11111484;22222595;f;2000-12-12;Engenharia Biomédica;1D;SUL;12718
Gustavo Anjos;11111485;22222596;m;2001-06-05;Engenharia Biomédica;1D;SUL;12719
Carlos Fagundes;11111486;22222597;m;2001-03-08;Engenharia Biomédica;1D;SUL;12720
Henrique Aleluia;11111487;22222598;m;2003-05-27;Engenharia Biomédica;1D;SUL;12721
Ricardo Gonçalves;11111488;22222599;m;2003-02-16;Engenharia Biomédica;1D;SUL;12722
Madalena Maduro;11111489;22222600;f;2001-11-14;Engenharia Biomédica;1D;SUL;12723
Paulo Arruda;11111490;22222601;m;2003-09-16;Engenharia Biomédica;1E;SUL;12724
Adriana Massa;11111491;22222602;f;2003-01-27;Engenharia Biomédica;1E;SUL;12725
Leonor  Gouveia;11111492;22222603;f;2004-10-09;Engenharia Biomédica;1E;SUL;12726
David Alves;11111493;22222604;m;2004-09-18;Engenharia Biomédica;1E;SUL;12727
Joaquim Matos;11111494;22222605;m;2002-01-31;Engenharia Biomédica;1E;SUL;12728
Bernardo Meireles;11111495;22222606;m;2000-10-28;Engenharia Biomédica;1E;SUL;12729
Henrique Carvalhal;11111496;22222607;m;2004-12-16;Engenharia Biomédica;1E;SUL;12730
Manuel Brasiliense;11111497;22222608;m;2004-06-23;Engenharia Biomédica;1E;SUL;12731
Emília Coutinho;11111498;22222609;f;2000-03-10;Engenharia Biomédica;1E;SUL;12732
Vera Frota;11111499;22222610;f;2000-12-30;Engenharia Biomédica;1E;SUL;12733
Leonor  Menino;11111500;22222611;f;2004-08-15;Engenharia Biomédica;1E;SUL;12734
Jaime Madureira;11111501;22222612;m;2000-06-27;Engenharia Biomédica;1E;SUL;12735
Gabriela Bocaiuva;11111502;22222613;f;2004-07-24;Engenharia Biomédica;1E;SUL;12736
Edgar Brasil;11111503;22222614;m;2002-03-05;Engenharia Biomédica;1E;SUL;12737
Renato Melo;11111504;22222615;m;2004-11-18;Engenharia Biomédica;1E;SUL;12738
Rúben Coimbra;11111505;22222616;m;2000-09-03;Engenharia Biomédica;1E;SUL;12739
Tobias Coentrão;11111506;22222617;m;2004-07-19;Engenharia Biomédica;1E;SUL;12740
Ivo Alencar;11111507;22222618;m;2004-10-07;Engenharia Biomédica;1E;SUL;12741
Dinis Coelho;11111508;22222619;m;2000-11-04;Engenharia Biomédica;1E;SUL;12742
Artur Botelho;11111509;22222620;m;2001-07-21;Engenharia Biomédica;1E;SUL;12743
Vicente  Galvão;11111510;22222621;m;2000-09-07;Engenharia Biomédica;2A;SUL;12744
Ângelo Amorim;11111511;22222622;m;2000-05-02;Engenharia Biomédica;2A;SUL;12745
Sérgio Médici;11111512;22222623;m;2001-07-01;Engenharia Biomédica;2A;SUL;12746
Gonçalo Bermudes;11111513;22222624;m;2001-02-27;Engenharia Biomédica;2A;SUL;12747
Amélia Coelho;11111514;22222625;f;2004-11-02;Engenharia Biomédica;2A;SUL;12748
Bruno Bicalho;11111515;22222626;m;2003-08-21;Engenharia Biomédica;2A;SUL;12749
Mateus Figueira;11111516;22222627;m;2004-02-18;Engenharia Biomédica;2A;SUL;12750
Mariana  Maduro;11111517;22222628;f;2000-12-22;Engenharia Biomédica;2A;SUL;12751
Filipa Almeida;11111518;22222629;f;2000-01-17;Engenharia Biomédica;2A;SUL;12752
Luísa França;11111519;22222630;f;2002-07-14;Engenharia Biomédica;2A;SUL;12753
Ricardo Moro;11111520;22222631;m;2004-08-11;Engenharia Biomédica;2A;SUL;12754
Madalena Morato;11111521;22222632;f;2001-05-16;Engenharia Biomédica;2A;SUL;12755
Lorena Camacho;11111522;22222633;f;2000-12-05;Engenharia Biomédica;2A;SUL;12756
Zion Couto;11111523;22222634;m;2003-12-12;Engenharia Biomédica;2A;SUL;12757
Gabriel Mendonça;11111524;22222635;m;2001-11-23;Engenharia Biomédica;2A;SUL;12758
Lucas Encarnação;11111525;22222636;m;2003-09-04;Engenharia Biomédica;2A;SUL;12759
Rui Gato;11111526;22222637;m;2002-06-14;Engenharia Biomédica;2A;SUL;12760
Constança  Bolsonaro;11111527;22222638;f;2004-06-07;Engenharia Biomédica;2A;SUL;12761
Rebeca Bernardes;11111528;22222639;f;2004-10-10;Engenharia Biomédica;2A;SUL;12762
Alexandre Adães;11111529;22222640;m;2004-03-29;Engenharia Biomédica;2A;SUL;12763
Sérgio Braga;11111530;22222641;m;2002-04-01;Engenharia Biomédica;2B;SUL;12764
Lorena Gato;11111531;22222642;f;2002-04-15;Engenharia Biomédica;2B;SUL;12765
Pedro Menino;11111532;22222643;m;2000-03-25;Engenharia Biomédica;2B;SUL;12766
Samuel Cotrim;11111533;22222644;m;2004-01-25;Engenharia Biomédica;2B;SUL;12767
Gaspar Brandão;11111534;22222645;m;2002-04-01;Engenharia Biomédica;2B;SUL;12768
Ana  Carneiro;11111535;22222646;f;2001-08-23;Engenharia Biomédica;2B;SUL;12769
Marcelo Camacho;11111536;22222647;m;2000-11-02;Engenharia Biomédica;2B;SUL;12770
Nuno Gonçales;11111537;22222648;m;2003-04-19;Engenharia Biomédica;2B;SUL;12771
Rafael Maduro;11111538;22222649;m;2001-03-30;Engenharia Biomédica;2B;SUL;12772
Vera Ferraz;11111539;22222650;f;2001-12-16;Engenharia Biomédica;2B;SUL;12773
Íris  França;11111540;22222651;f;2000-12-07;Engenharia Biomédica;2B;SUL;12774
Martim Bragança;11111541;22222652;m;2002-02-10;Engenharia Biomédica;2B;SUL;12775
Fábio Fontes;11111542;22222653;m;2000-12-24;Engenharia Biomédica;2B;SUL;12776
Teresa Chaves;11111543;22222654;f;2000-08-26;Engenharia Biomédica;2B;SUL;12777
Helena  Curado;11111544;22222655;f;2003-11-25;Engenharia Biomédica;2B;SUL;12778
Mia França;11111545;22222656;f;2002-03-31;Engenharia Biomédica;2B;SUL;12779
Gabriela Fioravante;11111546;22222657;f;2001-12-11;Engenharia Biomédica;2B;SUL;12780
Marcelo Martins;11111547;22222658;m;2001-06-25;Engenharia Biomédica;2B;SUL;12781
André Mendes;11111548;22222659;m;2000-05-05;Engenharia Biomédica;2B;SUL;12782
Marta Ferrolho;11111549;22222660;f;2000-10-30;Engenharia Biomédica;2B;SUL;12783
Beatriz Eça;11111550;22222661;f;2001-07-16;Engenharia Biomédica;2C;SUL;12784
Ivan Faria;11111551;22222662;m;2000-01-22;Engenharia Biomédica;2C;SUL;12785
Elias Ferrão;11111552;22222663;m;2000-09-15;Engenharia Biomédica;2C;SUL;12786
Frederico Bispo;11111553;22222664;m;2002-12-16;Engenharia Biomédica;2C;SUL;12787
Manel Cordeiro;11111554;22222665;m;2001-05-03;Engenharia Biomédica;2C;SUL;12788
Vicente  Cerejeira;11111555;22222666;m;2004-04-08;Engenharia Biomédica;2C;SUL;12789
Tiago Azeredo;11111556;22222667;m;2001-12-21;Engenharia Biomédica;2C;SUL;12790
Lia Mesquita;11111557;22222668;f;2001-08-18;Engenharia Biomédica;2C;SUL;12791
Dinis Andrade;11111558;22222669;m;2001-04-08;Engenharia Biomédica;2C;SUL;12792
Rita  Faro;11111559;22222670;f;2001-12-27;Engenharia Biomédica;2C;SUL;12793
Vicente  Melo;11111560;22222671;m;2004-12-12;Engenharia Biomédica;2C;SUL;12794
Sérgio Morato;11111561;22222672;m;2003-07-26;Engenharia Biomédica;2C;SUL;12795
Emília Mariz;11111562;22222673;f;2004-08-02;Engenharia Biomédica;2C;SUL;12796
Mariana  Bastos;11111563;22222674;f;2003-12-20;Engenharia Biomédica;2C;SUL;12797
Liam Borges;11111564;22222675;m;2004-12-06;Engenharia Biomédica;2C;SUL;12798
Paulo Barros;11111565;22222676;m;2002-09-11;Engenharia Biomédica;2C;SUL;12799
Ivo Mendes;11111566;22222677;m;2002-02-28;Engenharia Biomédica;2C;SUL;12800
Alexandra Miranda;11111567;22222678;f;2001-07-02;Engenharia Biomédica;2C;SUL;12801
Tomás Adães;11111568;22222679;m;2001-05-05;Engenharia Biomédica;2C;SUL;12802
Ivo Faro;11111569;22222680;m;2004-04-09;Engenharia Biomédica;2C;SUL;12803
Lorena Fonseca;11111570;22222681;f;2004-01-05;Engenharia Biomédica;2D;SUL;12804
Alexandre Bernades;11111571;22222682;m;2001-09-19;Engenharia Biomédica;2D;SUL;12805
Júlia Café;11111572;22222683;f;2002-04-03;Engenharia Biomédica;2D;SUL;12806
Caio Matos;11111573;22222684;m;2004-05-24;Engenharia Biomédica;2D;SUL;12807
Ariana Cardoso;11111574;22222685;f;2002-10-18;Engenharia Biomédica;2D;SUL;12808
Miguel Freitas;11111575;22222686;m;2003-08-20;Engenharia Biomédica;2D;SUL;12809
Gonçalo Assis;11111576;22222687;m;2003-10-13;Engenharia Biomédica;2D;SUL;12810
Edgar Brandão;11111577;22222688;m;2004-03-05;Engenharia Biomédica;2D;SUL;12811
Bernardo Cotrim;11111578;22222689;m;2003-05-20;Engenharia Biomédica;2D;SUL;12812
Júlia Ferrão;11111579;22222690;f;2004-11-22;Engenharia Biomédica;2D;SUL;12813
Diogo Amorim;11111580;22222691;m;2003-06-08;Engenharia Biomédica;2D;SUL;12814
Julieta Arruda;11111581;22222692;f;2002-10-13;Engenharia Biomédica;2D;SUL;12815
Débora Bermudes;11111582;22222693;f;2004-07-03;Engenharia Biomédica;2D;SUL;12816
Leandro  Brasil;11111583;22222694;m;2003-02-27;Engenharia Biomédica;2D;SUL;12817
Manuel Cordeiro;11111584;22222695;m;2000-12-01;Engenharia Biomédica;2D;SUL;12818
Rúben Abreu;11111585;22222696;m;2004-03-20;Engenharia Biomédica;2D;SUL;12819
Constança  Ferraz;11111586;22222697;f;2000-08-08;Engenharia Biomédica;2D;SUL;12820
Salomé Galvão;11111587;22222698;m;2000-10-06;Engenharia Biomédica;2D;SUL;12821
Joaquim Falópio;11111588;22222699;m;2003-12-30;Engenharia Biomédica;2D;SUL;12822
João Cordeiro;11111589;22222700;m;2003-11-20;Engenharia Biomédica;2D;SUL;12823
Marco Eça;11111590;22222701;m;2001-12-22;Engenharia Biomédica;2E;SUL;12824
Sara  Massa;11111591;22222702;f;2003-04-06;Engenharia Biomédica;2E;SUL;12825
Tomé Mendonça;11111592;22222703;m;2002-10-22;Engenharia Biomédica;2E;SUL;12826
Luís Guimarães;11111593;22222704;m;2000-07-15;Engenharia Biomédica;2E;SUL;12827
Anita Dambros;11111594;22222705;f;2003-02-09;Engenharia Biomédica;2E;SUL;12828
Tomás Dias;11111595;22222706;m;2004-11-19;Engenharia Biomédica;2E;SUL;12829
Sofia  Albuquerque;11111596;22222707;f;2002-07-19;Engenharia Biomédica;2E;SUL;12830
Bárbara Matos;11111597;22222708;f;2001-02-04;Engenharia Biomédica;2E;SUL;12831
Constança  Caminha;11111598;22222709;f;2004-11-05;Engenharia Biomédica;2E;SUL;12832
Julieta Morato;11111599;22222710;f;2001-08-12;Engenharia Biomédica;2E;SUL;12833
Daniel Amor;11111600;22222711;m;2000-09-30;Engenharia Biomédica;2E;SUL;12834
Romeu Anes;11111601;22222712;m;2002-05-15;Engenharia Biomédica;2E;SUL;12835
Rayan Barros;11111602;22222713;m;2004-10-26;Engenharia Biomédica;2E;SUL;12836
Vitória  Mendonça;11111603;22222714;f;2002-08-13;Engenharia Biomédica;2E;SUL;12837
Dinis Alves;11111604;22222715;m;2000-04-30;Engenharia Biomédica;2E;SUL;12838
Tomás Borba;11111605;22222716;m;2000-10-31;Engenharia Biomédica;2E;SUL;12839
Cristiano Falqueto;11111606;22222717;m;2003-12-15;Engenharia Biomédica;2E;SUL;12840
Matilde  Diegues;11111607;22222718;f;2002-08-20;Engenharia Biomédica;2E;SUL;12841
Ivo Miranda;11111608;22222719;m;2001-08-15;Engenharia Biomédica;2E;SUL;12842
Vítor Diegues;11111609;22222720;m;2003-10-08;Engenharia Biomédica;2E;SUL;12843
Edgar Mesquita;11111610;22222721;m;2003-05-16;Engenharia Biomédica;3A;SUL;12844
Hugo Médici;11111611;22222722;m;2003-02-09;Engenharia Biomédica;3A;SUL;12845
Sérgio Evangelista;11111612;22222723;m;2003-12-23;Engenharia Biomédica;3A;SUL;12846
José Morato;11111613;22222724;m;2002-09-14;Engenharia Biomédica;3A;SUL;12847
Pedro Duarte;11111614;22222725;m;2004-11-02;Engenharia Biomédica;3A;SUL;12848
Íris  França;11111615;22222726;f;2001-05-31;Engenharia Biomédica;3A;SUL;12849
Laura  Cotrim;11111616;22222727;f;2000-02-08;Engenharia Biomédica;3A;SUL;12850
Simão Moreira;11111617;22222728;m;2004-01-14;Engenharia Biomédica;3A;SUL;12851
Valentim Dias;11111618;22222729;m;2004-03-06;Engenharia Biomédica;3A;SUL;12852
Eva  Ferrolho;11111619;22222730;f;2001-10-27;Engenharia Biomédica;3A;SUL;12853
Daniela Monteiro;11111620;22222731;f;2003-07-11;Engenharia Biomédica;3A;SUL;12854
Vera Médici;11111621;22222732;f;2000-11-01;Engenharia Biomédica;3A;SUL;12855
Gabriel Figueiredo;11111622;22222733;m;2001-03-12;Engenharia Biomédica;3A;SUL;12856
César Alves;11111623;22222734;m;2000-01-12;Engenharia Biomédica;3A;SUL;12857
João Cardoso;11111624;22222735;m;2001-09-28;Engenharia Biomédica;3A;SUL;12858
Adriana Freitas;11111625;22222736;f;2004-05-29;Engenharia Biomédica;3A;SUL;12859
Gustavo Bernades;11111626;22222737;m;2003-04-06;Engenharia Biomédica;3A;SUL;12860
Amélia Chaves;11111627;22222738;f;2003-06-20;Engenharia Biomédica;3A;SUL;12861
Gaspar Amigo;11111628;22222739;m;2003-08-12;Engenharia Biomédica;3A;SUL;12862
Gustavo Aguiar;11111629;22222740;m;2003-12-13;Engenharia Biomédica;3A;SUL;12863
Isaac Miranda;11111630;22222741;m;2002-09-12;Engenharia Biomédica;3B;SUL;12864
Margarida  Adães;11111631;22222742;f;2001-07-17;Engenharia Biomédica;3B;SUL;12865
Bruna Machado;11111632;22222743;f;2001-09-02;Engenharia Biomédica;3B;SUL;12866
Isaac Fontes;11111633;22222744;m;2001-11-22;Engenharia Biomédica;3B;SUL;12867
Matias Mendes;11111634;22222745;m;2001-04-25;Engenharia Biomédica;3B;SUL;12868
Rita  Adorno;11111635;22222746;f;2003-01-15;Engenharia Biomédica;3B;SUL;12869
Rodrigo Constante;11111636;22222747;m;2004-10-23;Engenharia Biomédica;3B;SUL;12870
Rayan Dorneles;11111637;22222748;m;2003-05-12;Engenharia Biomédica;3B;SUL;12871
Emanuel Bernardes;11111638;22222749;m;2000-04-12;Engenharia Biomédica;3B;SUL;12872
Rúben Magalhães;11111639;22222750;m;2004-02-09;Engenharia Biomédica;3B;SUL;12873
Tomás Amorim;11111640;22222751;m;2004-05-07;Engenharia Biomédica;3B;SUL;12874
Tatiana Cunha;11111641;22222752;f;2000-02-15;Engenharia Biomédica;3B;SUL;12875
Ivo Miranda;11111642;22222753;m;2000-12-19;Engenharia Biomédica;3B;SUL;12876
Sebastião Figo;11111643;22222754;m;2002-02-10;Engenharia Biomédica;3B;SUL;12877
Emília Adães;11111644;22222755;f;2002-02-20;Engenharia Biomédica;3B;SUL;12878
Sebastião Camargo;11111645;22222756;m;2002-04-05;Engenharia Biomédica;3B;SUL;12879
Tomé Camargo;11111646;22222757;m;2002-08-31;Engenharia Biomédica;3B;SUL;12880
Constança  Gonzaga;11111647;22222758;f;2001-06-25;Engenharia Biomédica;3B;SUL;12881
Santiago Morato;11111648;22222759;m;2001-06-09;Engenharia Biomédica;3B;SUL;12882
Carlota Bastos;11111649;22222760;f;2000-02-23;Engenharia Biomédica;3B;SUL;12883
Gil Ferreira;11111650;22222761;m;2003-11-06;Engenharia Biomédica;3C;SUL;12884
Mário Barros;11111651;22222762;m;2001-09-24;Engenharia Biomédica;3C;SUL;12885
Santiago Alves;11111652;22222763;m;2003-10-05;Engenharia Biomédica;3C;SUL;12886
Tomás Marques;11111653;22222764;m;2001-07-26;Engenharia Biomédica;3C;SUL;12887
Rebeca Fontes;11111654;22222765;f;2000-03-03;Engenharia Biomédica;3C;SUL;12888
Elias Massa;11111655;22222766;m;2001-06-09;Engenharia Biomédica;3C;SUL;12889
Henrique Castro;11111656;22222767;m;2003-12-21;Engenharia Biomédica;3C;SUL;12890
Adriana Bispo;11111657;22222768;f;2004-10-25;Engenharia Biomédica;3C;SUL;12891
Pilar Braga;11111658;22222769;m;2004-08-14;Engenharia Biomédica;3C;SUL;12892
Afonso Altamirano;11111659;22222770;m;2000-03-22;Engenharia Biomédica;3C;SUL;12893
Caio Gusmão;11111660;22222771;m;2000-06-10;Engenharia Biomédica;3C;SUL;12894
Júlia Figueira;11111661;22222772;f;2000-12-01;Engenharia Biomédica;3C;SUL;12895
Elias Botelho;11111662;22222773;m;2004-04-07;Engenharia Biomédica;3C;SUL;12896
Alice Eça;11111663;22222774;f;2001-03-12;Engenharia Biomédica;3C;SUL;12897
Guilherme Moreira;11111664;22222775;m;2003-05-31;Engenharia Biomédica;3C;SUL;12898
Matilde  Adães;11111665;22222776;f;2003-03-31;Engenharia Biomédica;3C;ILHAS;12899
Teresa Furquim;11111666;22222777;f;2000-01-20;Engenharia Biomédica;3C;ILHAS;12900
Ivo Fortaleza;11111667;22222778;m;2000-11-21;Engenharia Biomédica;3C;ILHAS;12901
Xavier Miranda;11111668;22222779;m;2001-06-27;Engenharia Biomédica;3C;ILHAS;12902
Marta Frota;11111669;22222780;f;2002-05-09;Engenharia Biomédica;3C;ILHAS;12903
Marta Constante;11111670;22222781;f;2002-11-17;Engenharia Biomédica;3D;ILHAS;12904
Lia Meireles;11111671;22222782;f;2003-08-28;Engenharia Biomédica;3D;ILHAS;12905
Teresa Malta;11111672;22222783;f;2001-07-10;Engenharia Biomédica;3D;ILHAS;12906
Marcelo Moreira;11111673;22222784;m;2000-06-25;Engenharia Biomédica;3D;ILHAS;12907
Isaac Café;11111674;22222785;m;2003-10-28;Engenharia Biomédica;3D;ILHAS;12908
Joana Anes;11111675;22222786;f;2003-10-06;Engenharia Biomédica;3D;ILHAS;12909
Vitória  Adães;11111676;22222787;m;2003-12-28;Engenharia Biomédica;3D;ILHAS;12910
Bernardo Caminha;11111677;22222788;m;2000-09-26;Engenharia Biomédica;3D;ILHAS;12911
Rúben Almeida;11111678;22222789;m;2000-11-11;Engenharia Biomédica;3D;ILHAS;12912
Teresa Aleluia;11111679;22222790;f;2004-07-23;Engenharia Biomédica;3D;ILHAS;12913
Nádia Gato;11111680;22222791;f;2004-12-20;Engenharia Biomédica;3D;ILHAS;12914
Filipe Curado;11111681;22222792;m;2001-03-14;Engenharia Biomédica;3D;ILHAS;12915
Rui Caminha;11111682;22222793;m;2004-06-24;Engenharia Biomédica;3D;ESTRANGEIRO;12916
Ricardo Coimbra;11111683;22222794;m;2000-02-06;Engenharia Biomédica;3D;ESTRANGEIRO;12917
Mafalda Aleluia;11111684;22222795;f;2001-06-01;Engenharia Biomédica;3D;ESTRANGEIRO;12918
Liam Coimbra;11111685;22222796;m;2001-01-02;Engenharia Biomédica;3D;ESTRANGEIRO;12919
Benjamim Galvão;11111686;22222797;m;2001-11-07;Engenharia Biomédica;3D;ESTRANGEIRO;12920
